{"products":[{"id":0.4268470494384702,"qty":4},{"id":0.269035863923931,"qty":1}],"totalPrice":1000}